Month_Year,Actual_Sales,Predicted_Sales,Error_%
2023-07,25105.49,25393.13225149752,-1.15
2023-08,23251.52,23613.070821213954,-1.55
2023-09,21429.579999999998,21968.059176416707,-2.51
2023-10,23034.76,22890.25672372814,0.63
2023-11,25268.04,25764.726402223958,-1.97
2023-12,30318.54,29682.678659049983,2.1
